DOIs,Files,problem,status,Table_topic,title,abstract,Material,Tensile_name,Tensile_value,Tensile_unit,Yield_name,Yield_value,Yield_unit,Elongation_name,Elongation_value,Elongation_unit,H,B,C,N,O,F,Na,Mg,Al,Si,P,S,Cl,Ca,Ti,V,Cr,Mn,Fe,Co,Ni,Cu,Zn,As,Y,Zr,Nb,Mo,Sn,Sb,La,Ce,Ta,W,Pb,Bi,Other_ele,Text_addition,Text,actions,source_entry,cluster_number,cluster_label,cluster_number_0_to_11
,,,1,Steel database with labelled clusters,,,AISI 8822H Steel,Ultimate tensile strength,1250.0,MPa,Yield strength,900.0,MPa,Ductility,13.0,%,0.0,0.0,0.22,0.0,0.0,0.0,0.0,0.0,0.0,0.2249999999999999,0.035,0.04,0.0,0.0,0.0,0.0,0.5,0.875,97.205,0.0,0.55,0.0,0.0,0.0,0.0,0.0,0.0,0.35,0.0,0.0,0.0,0.0,0.0,0.0,0.0,0.0,,,"Normalized, Machined To 25 mm (1 In.) Rounds, Pseudocarburized, 865C (1590F) Reheat, 150C (300F) Temper","Normalized, Machined To 25 mm (1 In.) Rounds, Pseudocarburized, 865C (1590F) Reheat, 150C (300F) Temper",960,0,Carburized – quenched (oil) – wear-resistant surface steel,0
,,,1,Steel database with labelled clusters,,,AISI 1144 Steel,Ultimate tensile strength,585.0,MPa,Yield strength,345.0,MPa,Ductility,25.0,%,0.0,0.0,0.44,0.0,0.0,0.0,0.0,0.0,0.0,0.0,0.04,0.285,0.0,0.0,0.0,0.0,0.0,1.5,97.735,0.0,0.0,0.0,0.0,0.0,0.0,0.0,0.0,0.0,0.0,0.0,0.0,0.0,0.0,0.0,0.0,0.0,,,"Annealed At 790C (1450F), Furnace Cooled 11C (20F) Per Hour To 620C, Air Cooled, 25 mm (1 In.) Round","Annealed At 790C (1450F), Furnace Cooled 11C (20F) Per Hour To 620C, Air Cooled, 25 mm (1 In.) Round",1852,7,Annealed – easy-to-machine – round annealed stock,7
,,,1,Steel database with labelled clusters,,,AISI 4419 Steel,Ultimate tensile strength,831.0,MPa,Yield strength,608.0,MPa,Ductility,19.0,%,0.0,0.0,0.205,0.0,0.0,0.0,0.0,0.0,0.0,0.25,0.035,0.04,0.0,0.0,0.0,0.0,0.0,0.55,98.395,0.0,0.0,0.0,0.0,0.0,0.0,0.0,0.0,0.525,0.0,0.0,0.0,0.0,0.0,0.0,0.0,0.0,,,"Direct Quenched From Pot, 150C (300F) Temper","Direct Quenched From Pot, 150C (300F) Temper",284,5,Carburized – quenched (oil) – wear-resistant surface steel (variant),5
,,,1,Steel database with labelled clusters,,,AISI 86B30H Steel,Ultimate tensile strength,958.0,MPa,Yield strength,910.0,MPa,Ductility,18.0,%,0.0,0.00175,0.3,0.0,0.0,0.0,0.0,0.0,0.0,0.2249999999999999,0.035,0.04,0.0,0.0,0.0,0.0,0.5,0.8,97.34825,0.0,0.55,0.0,0.0,0.0,0.0,0.0,0.0,0.2,0.0,0.0,0.0,0.0,0.0,0.0,0.0,0.0,,,"Water Quenched 845C (1550F), 540C (1000F) Temper, 13 mm (0.5 In.) Round","Water Quenched 845C (1550F), 540C (1000F) Temper, 13 mm (0.5 In.) Round",798,10,Quenched (water) & tempered – high-strength structural steel,10
,,,1,Steel database with labelled clusters,,,ASTM A283 Steel,Ultimate tensile strength,310.0,MPa,Yield strength,165.0,MPa,Ductility,27.0,%,0.0,0.0,0.14,0.0,0.0,0.0,0.0,0.0,0.0,0.04,0.04,0.05,0.0,0.0,0.0,0.0,0.0,0.9,98.63,0.0,0.0,0.2,0.0,0.0,0.0,0.0,0.0,0.0,0.0,0.0,0.0,0.0,0.0,0.0,0.0,0.0,,,Grade A,Grade A,1607,1,Hot rolled – general construction steel,1
,,,1,Steel database with labelled clusters,,,AISI 4150 Steel,Ultimate tensile strength,731.0,MPa,Yield strength,380.0,MPa,Ductility,20.0,%,0.0,0.0,0.505,0.0,0.0,0.0,0.0,0.0,0.0,0.2249999999999999,0.035,0.04,0.0,0.0,0.0,0.0,0.95,0.875,97.17,0.0,0.0,0.0,0.0,0.0,0.0,0.0,0.0,0.2,0.0,0.0,0.0,0.0,0.0,0.0,0.0,0.0,,,Annealed 815C (1500F),Annealed 815C (1500F),226,7,Annealed – easy-to-machine – round annealed stock,7
,,,1,Steel database with labelled clusters,,,AISI 4140 Steel,Ultimate tensile strength,883.0,MPa,Yield strength,710.0,MPa,Ductility,21.0,%,0.0,0.0,0.405,0.0,0.0,0.0,0.0,0.0,0.0,0.2249999999999999,0.035,0.04,0.0,0.0,0.0,0.0,0.95,0.875,97.27,0.0,0.0,0.0,0.0,0.0,0.0,0.0,0.0,0.2,0.0,0.0,0.0,0.0,0.0,0.0,0.0,0.0,,,"Oil Quenched, 50 mm (2 In.) Round (845C (1550F) Quench, 595C (1100F) Temper)","Oil Quenched, 50 mm (2 In.) Round (845C (1550F) Quench, 595C (1100F) Temper)",27,6,Quenched (oil) & tempered – high-strength structural steel,6
,,,1,Steel database with labelled clusters,,,AISI 1021 Steel,Ultimate tensile strength,484.0,MPa,Yield strength,360.0,MPa,Ductility,33.0,%,0.0,0.0,0.2,0.0,0.0,0.0,0.0,0.0,0.0,0.0,0.04,0.05,0.0,0.0,0.0,0.0,0.0,0.75,98.96,0.0,0.0,0.0,0.0,0.0,0.0,0.0,0.0,0.0,0.0,0.0,0.0,0.0,0.0,0.0,0.0,0.0,,,"Cold Rolled, 25 mm (1 In.) Round","Cold Rolled, 25 mm (1 In.) Round",1745,3,Normalized – easy-to-machine stock (cold drawn),3
,,,1,Steel database with labelled clusters,,,AISI 4820 Steel,Ultimate tensile strength,1410.0,MPa,Yield strength,1141.0,MPa,Ductility,13.0,%,0.0,0.0,0.205,0.0,0.0,0.0,0.0,0.0,0.0,0.2249999999999999,0.035,0.04,0.0,0.0,0.0,0.0,0.0,0.6,95.145,0.0,3.5,0.0,0.0,0.0,0.0,0.0,0.0,0.25,0.0,0.0,0.0,0.0,0.0,0.0,0.0,0.0,,,"Double Quenched And Tempered (150C (300F)), 1.2 mm Case Depth","Double Quenched And Tempered (150C (300F)), 1.2 mm Case Depth",438,5,Carburized – quenched (oil) – wear-resistant surface steel (variant),5
,,,1,Steel database with labelled clusters,,,JIS S45C Steel,Ultimate tensile strength,686.0,MPa,Yield strength,490.0,MPa,Ductility,17.0,%,0.0,0.0,0.4499999999999999,0.0,0.0,0.0,0.0,0.0,0.0,0.25,0.03,0.035,0.0,0.0,0.0,0.0,0.2,0.75,97.785,0.0,0.2,0.3,0.0,0.0,0.0,0.0,0.0,0.0,0.0,0.0,0.0,0.0,0.0,0.0,0.0,0.0,,,Tempered,Tempered,1935,2,Quenched (oil) – general-purpose steel (tested),2
,,,1,Steel database with labelled clusters,,,ASTM A724 Carbon Steel,Ultimate tensile strength,655.0,MPa,Yield strength,515.0,MPa,Ductility,17.0,%,0.0,0.0,0.2,0.0,0.0,0.0,0.0,0.0,0.0,0.5,0.04,0.04,0.0,0.0,0.0,0.08,0.25,1.3,96.91,0.0,0.25,0.35,0.0,0.0,0.0,0.0,0.0,0.08,0.0,0.0,0.0,0.0,0.0,0.0,0.0,0.0,,,Grade B,Grade B,1411,1,Hot rolled – general construction steel,1
,,,1,Steel database with labelled clusters,,,AISI 4118H Steel,Ultimate tensile strength,951.0,MPa,Yield strength,617.0,MPa,Ductility,17.0,%,0.0,0.0,0.2,0.0,0.0,0.0,0.0,0.0,0.0,0.2249999999999999,0.035,0.04,0.0,0.0,0.0,0.0,0.5,0.8,98.085,0.0,0.0,0.0,0.0,0.0,0.0,0.0,0.0,0.1149999999999999,0.0,0.0,0.0,0.0,0.0,0.0,0.0,0.0,,,"Mock Carburized At 925C (1700F) For 8 Hours, Reheated To 830C (1525F), Oil Quenched, 150C (300F) Temper, 230C (450F) Temper, 14 mm (0.55 In.) Round","Mock Carburized At 925C (1700F) For 8 Hours, Reheated To 830C (1525F), Oil Quenched, 150C (300F) Temper, 230C (450F) Temper, 14 mm (0.55 In.) Round",230,8,Carburized – quenched (oil) – wear-resistant surface steel (variant),8
,,,1,Steel database with labelled clusters,,,AISI 4140 Steel,Ultimate tensile strength,1585.0,MPa,Yield strength,1345.0,MPa,Ductility,11.0,%,0.0,0.0,0.405,0.0,0.0,0.0,0.0,0.0,0.0,0.2249999999999999,0.035,0.04,0.0,0.0,0.0,0.0,0.95,0.875,97.27,0.0,0.0,0.0,0.0,0.0,0.0,0.0,0.0,0.2,0.0,0.0,0.0,0.0,0.0,0.0,0.0,0.0,,,"Oil Quenched, 315C (600F) Temper, 25 mm (1 In.) Round","Oil Quenched, 315C (600F) Temper, 25 mm (1 In.) Round",38,6,Quenched (oil) & tempered – high-strength structural steel,6
,,,1,Steel database with labelled clusters,,,AISI 8622 Steel,Ultimate tensile strength,1204.0,MPa,Yield strength,805.0,MPa,Ductility,14.0,%,0.0,0.0,0.225,0.0,0.0,0.0,0.0,0.0,0.0,0.2249999999999999,0.035,0.04,0.0,0.0,0.0,0.0,0.5,0.8,97.425,0.0,0.55,0.0,0.0,0.0,0.0,0.0,0.0,0.2,0.0,0.0,0.0,0.0,0.0,0.0,0.0,0.0,,,"Heat Treated, Machined To 25 mm (1 In.) Rounds, Pseudocarburized, 820C (1510F) Reheat, 150C (300F) Temper","Heat Treated, Machined To 25 mm (1 In.) Rounds, Pseudocarburized, 820C (1510F) Reheat, 150C (300F) Temper",750,0,Carburized – quenched (oil) – wear-resistant surface steel,0
,,,1,Steel database with labelled clusters,,,AISI Grade 18Ni (350) Maraging Steel,Ultimate tensile strength,2359.0,MPa,Yield strength,2320.0,MPa,Ductility,6.0,%,0.0,0.0,0.03,0.0,0.0,0.0,0.0,0.0,0.1,0.1,0.01,0.01,0.0,0.0,1.4,0.0,0.0,0.1,62.94,12.0,18.5,0.0,0.0,0.0,0.0,0.01,0.0,4.8,0.0,0.0,0.0,0.0,0.0,0.0,0.0,0.0,,,"Aged, At Rt, Tested Longitudinal, Round Bar 75 mm","Aged, At Rt, Tested Longitudinal, Round Bar 75 mm",1046,2,Quenched (oil) – general-purpose steel (tested),2
,,,1,Steel database with labelled clusters,,,ASTM A572 Steel,Ultimate tensile strength,520.0,MPa,Yield strength,415.0,MPa,Ductility,16.0,%,0.0,0.0,0.26,0.0,0.0,0.0,0.0,0.0,0.0,0.4,0.04,0.05,0.0,0.0,0.0,0.0,0.0,1.35,97.9,0.0,0.0,0.0,0.0,0.0,0.0,0.0,0.0,0.0,0.0,0.0,0.0,0.0,0.0,0.0,0.0,0.0,,,Grade 60,Grade 60,1422,1,Hot rolled – general construction steel,1
,,,1,Steel database with labelled clusters,,,AISI 4820H Steel,Ultimate tensile strength,772.0,MPa,Yield strength,495.0,MPa,Ductility,26.0,%,0.0,0.0,0.2,0.0,0.0,0.0,0.0,0.0,0.0,0.2249999999999999,0.035,0.04,0.0,0.0,0.0,0.0,0.0,0.6000000000000001,95.15,0.0,3.5,0.0,0.0,0.0,0.0,0.0,0.0,0.25,0.0,0.0,0.0,0.0,0.0,0.0,0.0,0.0,,,"Normalized 860C (1580F), 13 mm (0.5 In.) Round","Normalized 860C (1580F), 13 mm (0.5 In.) Round",470,4,Normalized (air cooled) – general-purpose steel,4
,,,1,Steel database with labelled clusters,,,AISI 1050 Steel,Ultimate tensile strength,893.0,MPa,Yield strength,580.0,MPa,Ductility,20.0,%,0.0,0.0,0.51,0.0,0.0,0.0,0.0,0.0,0.0,0.0,0.04,0.05,0.0,0.0,0.0,0.0,0.0,0.75,98.65,0.0,0.0,0.0,0.0,0.0,0.0,0.0,0.0,0.0,0.0,0.0,0.0,0.0,0.0,0.0,0.0,0.0,,,"Water Quenched From 830C (1525F), 540C (1000F) Temper, 50 mm (2 In.) Round","Water Quenched From 830C (1525F), 540C (1000F) Temper, 50 mm (2 In.) Round",1670,10,Quenched (water) & tempered – high-strength structural steel,10
,,,1,Steel database with labelled clusters,,,JIS S45C Steel,Ultimate tensile strength,569.0,MPa,Yield strength,343.0,MPa,Ductility,20.0,%,0.0,0.0,0.4499999999999999,0.0,0.0,0.0,0.0,0.0,0.0,0.25,0.03,0.035,0.0,0.0,0.0,0.0,0.2,0.75,97.785,0.0,0.2,0.3,0.0,0.0,0.0,0.0,0.0,0.0,0.0,0.0,0.0,0.0,0.0,0.0,0.0,0.0,,,Normalized,Normalized,1958,2,Quenched (oil) – general-purpose steel (tested),2
,,,1,Steel database with labelled clusters,,,AISI 6150H Steel,Ultimate tensile strength,670.0,MPa,Yield strength,415.0,MPa,Ductility,23.0,%,0.0,0.0,0.505,0.0,0.0,0.0,0.0,0.0,0.0,0.2249999999999999,0.035,0.04,0.0,0.0,0.0,0.15,0.975,0.8,97.27,0.0,0.0,0.0,0.0,0.0,0.0,0.0,0.0,0.0,0.0,0.0,0.0,0.0,0.0,0.0,0.0,0.0,,,"Annealed, 25 mm (1 In.) Round","Annealed, 25 mm (1 In.) Round",688,3,Normalized – easy-to-machine stock (cold drawn),3
